-- Reference data for payment validation.
-- Auto-generated from vendor_master/invoice_register/payment_history CSVs.
DELETE FROM vendor_master;
DELETE FROM invoice_register;
DELETE FROM payment_history;

INSERT INTO vendor_master (vendor_id, vendor_name, gl_account_code, approved_bank_routing, payment_terms, is_active) VALUES ('V001', 'Acme Logistics Ltd', 'ACC-10011', 'BNK-CHASE-001', 'NET30', 1);
INSERT INTO vendor_master (vendor_id, vendor_name, gl_account_code, approved_bank_routing, payment_terms, is_active) VALUES ('V002', 'Vortex Energy Inc', 'ACC-10022', 'BNK-WELLS-002', 'NET45', 1);
INSERT INTO vendor_master (vendor_id, vendor_name, gl_account_code, approved_bank_routing, payment_terms, is_active) VALUES ('V003', 'Nexus Software Corp', 'ACC-10033', 'BNK-CITI-003', 'NET30', 1);
INSERT INTO vendor_master (vendor_id, vendor_name, gl_account_code, approved_bank_routing, payment_terms, is_active) VALUES ('V004', 'Globex Global Corp', 'ACC-10044', 'BNK-BOA-004', 'NET60', 1);
INSERT INTO vendor_master (vendor_id, vendor_name, gl_account_code, approved_bank_routing, payment_terms, is_active) VALUES ('V005', 'Pinnacle Freight Co', 'ACC-10055', 'BNK-CHASE-005', 'NET30', 1);
INSERT INTO vendor_master (vendor_id, vendor_name, gl_account_code, approved_bank_routing, payment_terms, is_active) VALUES ('V006', 'Orion Cloud Services', 'ACC-10066', 'BNK-USB-006', 'NET45', 1);
INSERT INTO vendor_master (vendor_id, vendor_name, gl_account_code, approved_bank_routing, payment_terms, is_active) VALUES ('V007', 'Titan Manufacturing LLC', 'ACC-10077', 'BNK-WELLS-007', 'NET30', 1);
INSERT INTO vendor_master (vendor_id, vendor_name, gl_account_code, approved_bank_routing, payment_terms, is_active) VALUES ('V008', 'Aurora Consulting Group', 'ACC-10088', 'BNK-CITI-008', 'NET15', 1);
INSERT INTO vendor_master (vendor_id, vendor_name, gl_account_code, approved_bank_routing, payment_terms, is_active) VALUES ('V009', 'Catalyst Pharma', 'ACC-10099', 'BNK-BOA-009', 'NET30', 1);
INSERT INTO vendor_master (vendor_id, vendor_name, gl_account_code, approved_bank_routing, payment_terms, is_active) VALUES ('V010', 'Delta Mechanical Works', 'ACC-10100', 'BNK-CHASE-010', 'NET45', 1);
INSERT INTO vendor_master (vendor_id, vendor_name, gl_account_code, approved_bank_routing, payment_terms, is_active) VALUES ('V011', 'Ember Digital Agency', 'ACC-10111', 'BNK-USB-011', 'NET30', 1);
INSERT INTO vendor_master (vendor_id, vendor_name, gl_account_code, approved_bank_routing, payment_terms, is_active) VALUES ('V012', 'Fusion Media Group', 'ACC-10122', 'BNK-WELLS-012', 'NET60', 1);
INSERT INTO vendor_master (vendor_id, vendor_name, gl_account_code, approved_bank_routing, payment_terms, is_active) VALUES ('V013', 'Galaxy Telecom Ltd', 'ACC-10133', 'BNK-CITI-013', 'NET30', 1);
INSERT INTO vendor_master (vendor_id, vendor_name, gl_account_code, approved_bank_routing, payment_terms, is_active) VALUES ('V014', 'Horizon Staffing Inc', 'ACC-10144', 'BNK-BOA-014', 'NET15', 1);
INSERT INTO vendor_master (vendor_id, vendor_name, gl_account_code, approved_bank_routing, payment_terms, is_active) VALUES ('V015', 'Ignite Marketing LLC', 'ACC-10155', 'BNK-CHASE-015', 'NET30', 1);
INSERT INTO vendor_master (vendor_id, vendor_name, gl_account_code, approved_bank_routing, payment_terms, is_active) VALUES ('V016', 'Jade Construction Co', 'ACC-10166', 'BNK-USB-016', 'NET45', 1);
INSERT INTO vendor_master (vendor_id, vendor_name, gl_account_code, approved_bank_routing, payment_terms, is_active) VALUES ('V017', 'Keystone Legal Partners', 'ACC-10177', 'BNK-WELLS-017', 'NET30', 1);
INSERT INTO vendor_master (vendor_id, vendor_name, gl_account_code, approved_bank_routing, payment_terms, is_active) VALUES ('V018', 'Luminary Design Studio', 'ACC-10188', 'BNK-CITI-018', 'NET30', 1);
INSERT INTO vendor_master (vendor_id, vendor_name, gl_account_code, approved_bank_routing, payment_terms, is_active) VALUES ('V019', 'Meridian Supply Chain', 'ACC-10199', 'BNK-BOA-019', 'NET60', 1);
INSERT INTO vendor_master (vendor_id, vendor_name, gl_account_code, approved_bank_routing, payment_terms, is_active) VALUES ('V020', 'Nova Research Labs', 'ACC-10200', 'BNK-CHASE-020', 'NET30', 1);
INSERT INTO vendor_master (vendor_id, vendor_name, gl_account_code, approved_bank_routing, payment_terms, is_active) VALUES ('V021', 'Omega Security Systems', 'ACC-10211', 'BNK-USB-021', 'NET45', 1);
INSERT INTO vendor_master (vendor_id, vendor_name, gl_account_code, approved_bank_routing, payment_terms, is_active) VALUES ('V022', 'Paragon Printing Inc', 'ACC-10222', 'BNK-WELLS-022', 'NET30', 1);
INSERT INTO vendor_master (vendor_id, vendor_name, gl_account_code, approved_bank_routing, payment_terms, is_active) VALUES ('V023', 'Quantum Analytics Corp', 'ACC-10233', 'BNK-CITI-023', 'NET15', 1);
INSERT INTO vendor_master (vendor_id, vendor_name, gl_account_code, approved_bank_routing, payment_terms, is_active) VALUES ('V024', 'Radiance Healthcare Ltd', 'ACC-10244', 'BNK-BOA-024', 'NET30', 1);
INSERT INTO vendor_master (vendor_id, vendor_name, gl_account_code, approved_bank_routing, payment_terms, is_active) VALUES ('V025', 'Solaris Energy Partners', 'ACC-10255', 'BNK-CHASE-025', 'NET45', 1);
INSERT INTO vendor_master (vendor_id, vendor_name, gl_account_code, approved_bank_routing, payment_terms, is_active) VALUES ('V026', 'Trident Shipping Co', 'ACC-10266', 'BNK-USB-026', 'NET30', 1);
INSERT INTO vendor_master (vendor_id, vendor_name, gl_account_code, approved_bank_routing, payment_terms, is_active) VALUES ('V027', 'Unity Financial Services', 'ACC-10277', 'BNK-WELLS-027', 'NET60', 1);
INSERT INTO vendor_master (vendor_id, vendor_name, gl_account_code, approved_bank_routing, payment_terms, is_active) VALUES ('V028', 'Vertex Tech Solutions', 'ACC-10288', 'BNK-CITI-028', 'NET30', 1);
INSERT INTO vendor_master (vendor_id, vendor_name, gl_account_code, approved_bank_routing, payment_terms, is_active) VALUES ('V029', 'Willow Creek Farms', 'ACC-10299', 'BNK-BOA-029', 'NET30', 1);
INSERT INTO vendor_master (vendor_id, vendor_name, gl_account_code, approved_bank_routing, payment_terms, is_active) VALUES ('V030', 'Xcel Building Materials', 'ACC-10300', 'BNK-CHASE-030', 'NET45', 1);
INSERT INTO vendor_master (vendor_id, vendor_name, gl_account_code, approved_bank_routing, payment_terms, is_active) VALUES ('V031', 'Yellowstone Mining Corp', 'ACC-10311', 'BNK-USB-031', 'NET30', 1);
INSERT INTO vendor_master (vendor_id, vendor_name, gl_account_code, approved_bank_routing, payment_terms, is_active) VALUES ('V032', 'Zenith Aerospace Ltd', 'ACC-10322', 'BNK-WELLS-032', 'NET60', 1);
INSERT INTO vendor_master (vendor_id, vendor_name, gl_account_code, approved_bank_routing, payment_terms, is_active) VALUES ('V033', 'Atlas Catering Services', 'ACC-10333', 'BNK-CITI-033', 'NET30', 1);
INSERT INTO vendor_master (vendor_id, vendor_name, gl_account_code, approved_bank_routing, payment_terms, is_active) VALUES ('V034', 'Beacon Insurance Group', 'ACC-10344', 'BNK-BOA-034', 'NET15', 1);
INSERT INTO vendor_master (vendor_id, vendor_name, gl_account_code, approved_bank_routing, payment_terms, is_active) VALUES ('V035', 'Cedar IT Infrastructure', 'ACC-10355', 'BNK-CHASE-035', 'NET30', 1);
INSERT INTO vendor_master (vendor_id, vendor_name, gl_account_code, approved_bank_routing, payment_terms, is_active) VALUES ('V036', 'Dusk Logistics Network', 'ACC-10366', 'BNK-USB-036', 'NET45', 1);
INSERT INTO vendor_master (vendor_id, vendor_name, gl_account_code, approved_bank_routing, payment_terms, is_active) VALUES ('V037', 'Eclipse Power Systems', 'ACC-10377', 'BNK-WELLS-037', 'NET30', 1);
INSERT INTO vendor_master (vendor_id, vendor_name, gl_account_code, approved_bank_routing, payment_terms, is_active) VALUES ('V038', 'Falcon Data Centers', 'ACC-10388', 'BNK-CITI-038', 'NET30', 1);
INSERT INTO vendor_master (vendor_id, vendor_name, gl_account_code, approved_bank_routing, payment_terms, is_active) VALUES ('V039', 'Granite Stone Works', 'ACC-10399', 'BNK-BOA-039', 'NET60', 1);
INSERT INTO vendor_master (vendor_id, vendor_name, gl_account_code, approved_bank_routing, payment_terms, is_active) VALUES ('V040', 'Harbor Marine Services', 'ACC-10400', 'BNK-CHASE-040', 'NET30', 1);
INSERT INTO vendor_master (vendor_id, vendor_name, gl_account_code, approved_bank_routing, payment_terms, is_active) VALUES ('V041', 'Iris Biotech Research', 'ACC-10411', 'BNK-USB-041', 'NET45', 1);
INSERT INTO vendor_master (vendor_id, vendor_name, gl_account_code, approved_bank_routing, payment_terms, is_active) VALUES ('V042', 'Jasper Rail Transport', 'ACC-10422', 'BNK-WELLS-042', 'NET30', 1);
INSERT INTO vendor_master (vendor_id, vendor_name, gl_account_code, approved_bank_routing, payment_terms, is_active) VALUES ('V043', 'Karma Textile Mills', 'ACC-10433', 'BNK-CITI-043', 'NET15', 1);
INSERT INTO vendor_master (vendor_id, vendor_name, gl_account_code, approved_bank_routing, payment_terms, is_active) VALUES ('V044', 'Lunar Software House', 'ACC-10444', 'BNK-BOA-044', 'NET30', 1);
INSERT INTO vendor_master (vendor_id, vendor_name, gl_account_code, approved_bank_routing, payment_terms, is_active) VALUES ('V045', 'Maple Foods Distribution', 'ACC-10455', 'BNK-CHASE-045', 'NET60', 1);
INSERT INTO vendor_master (vendor_id, vendor_name, gl_account_code, approved_bank_routing, payment_terms, is_active) VALUES ('V046', 'Nile Publishing Corp', 'ACC-10466', 'BNK-USB-046', 'NET30', 1);
INSERT INTO vendor_master (vendor_id, vendor_name, gl_account_code, approved_bank_routing, payment_terms, is_active) VALUES ('V047', 'Obsidian Robotics Inc', 'ACC-10477', 'BNK-WELLS-047', 'NET45', 1);
INSERT INTO vendor_master (vendor_id, vendor_name, gl_account_code, approved_bank_routing, payment_terms, is_active) VALUES ('V048', 'Pearl Event Management', 'ACC-10488', 'BNK-CITI-048', 'NET30', 1);
INSERT INTO vendor_master (vendor_id, vendor_name, gl_account_code, approved_bank_routing, payment_terms, is_active) VALUES ('V049', 'Quartz Audio Visual', 'ACC-10499', 'BNK-BOA-049', 'NET30', 1);
INSERT INTO vendor_master (vendor_id, vendor_name, gl_account_code, approved_bank_routing, payment_terms, is_active) VALUES ('V050', 'Ruby HR Solutions', 'ACC-10500', 'BNK-CHASE-050', 'NET45', 1);

INSERT INTO invoice_register (payment_id, invoice_number, approved_invoice_amount) VALUES ('PAY-001', 'INV-90001', 36700.0);
INSERT INTO invoice_register (payment_id, invoice_number, approved_invoice_amount) VALUES ('PAY-002', 'INV-90002', 3200.0);
INSERT INTO invoice_register (payment_id, invoice_number, approved_invoice_amount) VALUES ('PAY-003', 'INV-90003', 7800.0);
INSERT INTO invoice_register (payment_id, invoice_number, approved_invoice_amount) VALUES ('PAY-004', 'INV-90004', 4500.0);
INSERT INTO invoice_register (payment_id, invoice_number, approved_invoice_amount) VALUES ('PAY-005', 'INV-90005', 8200.0);
INSERT INTO invoice_register (payment_id, invoice_number, approved_invoice_amount) VALUES ('PAY-006', 'INV-90006', 5600.0);
INSERT INTO invoice_register (payment_id, invoice_number, approved_invoice_amount) VALUES ('PAY-007', 'INV-90007', 2300.0);
INSERT INTO invoice_register (payment_id, invoice_number, approved_invoice_amount) VALUES ('PAY-008', 'INV-90008', 6750.0);
INSERT INTO invoice_register (payment_id, invoice_number, approved_invoice_amount) VALUES ('PAY-009', 'INV-90009', 4100.0);
INSERT INTO invoice_register (payment_id, invoice_number, approved_invoice_amount) VALUES ('PAY-010', 'INV-90010', 6200.0);
INSERT INTO invoice_register (payment_id, invoice_number, approved_invoice_amount) VALUES ('PAY-011', 'INV-90011', 3800.0);
INSERT INTO invoice_register (payment_id, invoice_number, approved_invoice_amount) VALUES ('PAY-012', 'INV-90012', 7250.0);
INSERT INTO invoice_register (payment_id, invoice_number, approved_invoice_amount) VALUES ('PAY-013', 'INV-88219', 7200.0);
INSERT INTO invoice_register (payment_id, invoice_number, approved_invoice_amount) VALUES ('PAY-014', 'INV-90014', 4200.0);
INSERT INTO invoice_register (payment_id, invoice_number, approved_invoice_amount) VALUES ('PAY-015', 'INV-90015', 6300.0);
INSERT INTO invoice_register (payment_id, invoice_number, approved_invoice_amount) VALUES ('PAY-016', 'INV-90016', 5900.0);
INSERT INTO invoice_register (payment_id, invoice_number, approved_invoice_amount) VALUES ('PAY-017', 'INV-90017', 2750.0);
INSERT INTO invoice_register (payment_id, invoice_number, approved_invoice_amount) VALUES ('PAY-018', 'INV-90018', 5100.0);
INSERT INTO invoice_register (payment_id, invoice_number, approved_invoice_amount) VALUES ('PAY-019', 'INV-90019', 3100.0);
INSERT INTO invoice_register (payment_id, invoice_number, approved_invoice_amount) VALUES ('PAY-020', 'INV-90020', 4400.0);
INSERT INTO invoice_register (payment_id, invoice_number, approved_invoice_amount) VALUES ('PAY-021', 'INV-90021', 4600.0);
INSERT INTO invoice_register (payment_id, invoice_number, approved_invoice_amount) VALUES ('PAY-022', 'INV-90022', 2900.0);
INSERT INTO invoice_register (payment_id, invoice_number, approved_invoice_amount) VALUES ('PAY-023', 'INV-90023', 4800.0);
INSERT INTO invoice_register (payment_id, invoice_number, approved_invoice_amount) VALUES ('PAY-024', 'INV-90024', 5500.0);
INSERT INTO invoice_register (payment_id, invoice_number, approved_invoice_amount) VALUES ('PAY-025', 'INV-90025', 3350.0);
INSERT INTO invoice_register (payment_id, invoice_number, approved_invoice_amount) VALUES ('PAY-026', 'INV-90026', 6100.0);
INSERT INTO invoice_register (payment_id, invoice_number, approved_invoice_amount) VALUES ('PAY-027', 'INV-90027', 4900.0);
INSERT INTO invoice_register (payment_id, invoice_number, approved_invoice_amount) VALUES ('PAY-028', 'INV-90028', 4750.0);
INSERT INTO invoice_register (payment_id, invoice_number, approved_invoice_amount) VALUES ('PAY-029', 'INV-90029', 2600.0);
INSERT INTO invoice_register (payment_id, invoice_number, approved_invoice_amount) VALUES ('PAY-030', 'INV-90030', 4300.0);

INSERT INTO payment_history (invoice_number, vendor_id, vendor_name, amount, payment_date, status, bank_routing_used) VALUES ('INV-80000', 'V001', 'Acme Logistics Ltd', 11798.14, '2026-05-16', 'PAID', 'BNK-CHASE-001');
INSERT INTO payment_history (invoice_number, vendor_id, vendor_name, amount, payment_date, status, bank_routing_used) VALUES ('INV-80001', 'V002', 'Vortex Energy Inc', 13554.67, '2026-04-18', 'PAID', 'BNK-WELLS-002');
INSERT INTO payment_history (invoice_number, vendor_id, vendor_name, amount, payment_date, status, bank_routing_used) VALUES ('INV-80002', 'V003', 'Nexus Software Corp', 4639.22, '2026-05-06', 'PAID', 'BNK-CITI-003');
INSERT INTO payment_history (invoice_number, vendor_id, vendor_name, amount, payment_date, status, bank_routing_used) VALUES ('INV-80003', 'V004', 'Globex Global Corp', 12439.23, '2026-03-11', 'PAID', 'BNK-BOA-004');
INSERT INTO payment_history (invoice_number, vendor_id, vendor_name, amount, payment_date, status, bank_routing_used) VALUES ('INV-80004', 'V005', 'Pinnacle Freight Co', 2295.35, '2026-03-26', 'PAID', 'BNK-CHASE-005');
INSERT INTO payment_history (invoice_number, vendor_id, vendor_name, amount, payment_date, status, bank_routing_used) VALUES ('INV-80005', 'V006', 'Orion Cloud Services', 1346.66, '2026-05-08', 'PAID', 'BNK-USB-006');
INSERT INTO payment_history (invoice_number, vendor_id, vendor_name, amount, payment_date, status, bank_routing_used) VALUES ('INV-80006', 'V007', 'Titan Manufacturing LLC', 4560.57, '2026-03-16', 'PAID', 'BNK-WELLS-007');
INSERT INTO payment_history (invoice_number, vendor_id, vendor_name, amount, payment_date, status, bank_routing_used) VALUES ('INV-80007', 'V008', 'Aurora Consulting Group', 11154.72, '2026-03-09', 'PAID', 'BNK-CITI-008');
INSERT INTO payment_history (invoice_number, vendor_id, vendor_name, amount, payment_date, status, bank_routing_used) VALUES ('INV-80008', 'V009', 'Catalyst Pharma', 4220.01, '2026-02-25', 'PAID', 'BNK-BOA-009');
INSERT INTO payment_history (invoice_number, vendor_id, vendor_name, amount, payment_date, status, bank_routing_used) VALUES ('INV-80009', 'V010', 'Delta Mechanical Works', 12862.79, '2026-03-27', 'PAID', 'BNK-CHASE-010');
INSERT INTO payment_history (invoice_number, vendor_id, vendor_name, amount, payment_date, status, bank_routing_used) VALUES ('INV-80010', 'V011', 'Ember Digital Agency', 4591.58, '2026-03-05', 'PAID', 'BNK-USB-011');
INSERT INTO payment_history (invoice_number, vendor_id, vendor_name, amount, payment_date, status, bank_routing_used) VALUES ('INV-80011', 'V012', 'Fusion Media Group', 5584.88, '2026-05-19', 'PAID', 'BNK-WELLS-012');
INSERT INTO payment_history (invoice_number, vendor_id, vendor_name, amount, payment_date, status, bank_routing_used) VALUES ('INV-80012', 'V013', 'Galaxy Telecom Ltd', 13851.49, '2026-04-29', 'PAID', 'BNK-CITI-013');
INSERT INTO payment_history (invoice_number, vendor_id, vendor_name, amount, payment_date, status, bank_routing_used) VALUES ('INV-80013', 'V014', 'Horizon Staffing Inc', 12808.0, '2026-04-06', 'PAID', 'BNK-BOA-014');
INSERT INTO payment_history (invoice_number, vendor_id, vendor_name, amount, payment_date, status, bank_routing_used) VALUES ('INV-80014', 'V015', 'Ignite Marketing LLC', 5579.39, '2026-04-22', 'PAID', 'BNK-CHASE-015');
INSERT INTO payment_history (invoice_number, vendor_id, vendor_name, amount, payment_date, status, bank_routing_used) VALUES ('INV-80015', 'V016', 'Jade Construction Co', 17264.06, '2026-04-06', 'PAID', 'BNK-USB-016');
INSERT INTO payment_history (invoice_number, vendor_id, vendor_name, amount, payment_date, status, bank_routing_used) VALUES ('INV-80016', 'V017', 'Keystone Legal Partners', 2558.02, '2026-04-01', 'PAID', 'BNK-WELLS-017');
INSERT INTO payment_history (invoice_number, vendor_id, vendor_name, amount, payment_date, status, bank_routing_used) VALUES ('INV-80017', 'V018', 'Luminary Design Studio', 2463.52, '2026-04-05', 'PAID', 'BNK-CITI-018');
INSERT INTO payment_history (invoice_number, vendor_id, vendor_name, amount, payment_date, status, bank_routing_used) VALUES ('INV-80018', 'V019', 'Meridian Supply Chain', 11184.09, '2026-05-14', 'PAID', 'BNK-BOA-019');
INSERT INTO payment_history (invoice_number, vendor_id, vendor_name, amount, payment_date, status, bank_routing_used) VALUES ('INV-80019', 'V020', 'Nova Research Labs', 13351.39, '2026-03-12', 'PAID', 'BNK-CHASE-020');
INSERT INTO payment_history (invoice_number, vendor_id, vendor_name, amount, payment_date, status, bank_routing_used) VALUES ('INV-80020', 'V021', 'Omega Security Systems', 2947.01, '2026-04-01', 'PAID', 'BNK-USB-021');
INSERT INTO payment_history (invoice_number, vendor_id, vendor_name, amount, payment_date, status, bank_routing_used) VALUES ('INV-80021', 'V022', 'Paragon Printing Inc', 2155.36, '2026-04-12', 'PAID', 'BNK-WELLS-022');
INSERT INTO payment_history (invoice_number, vendor_id, vendor_name, amount, payment_date, status, bank_routing_used) VALUES ('INV-80022', 'V023', 'Quantum Analytics Corp', 15065.76, '2026-03-01', 'PAID', 'BNK-CITI-023');
INSERT INTO payment_history (invoice_number, vendor_id, vendor_name, amount, payment_date, status, bank_routing_used) VALUES ('INV-80023', 'V024', 'Radiance Healthcare Ltd', 16029.77, '2026-04-03', 'PAID', 'BNK-BOA-024');
INSERT INTO payment_history (invoice_number, vendor_id, vendor_name, amount, payment_date, status, bank_routing_used) VALUES ('INV-80024', 'V025', 'Solaris Energy Partners', 10730.46, '2026-05-11', 'PAID', 'BNK-CHASE-025');
INSERT INTO payment_history (invoice_number, vendor_id, vendor_name, amount, payment_date, status, bank_routing_used) VALUES ('INV-80025', 'V026', 'Trident Shipping Co', 1588.18, '2026-04-20', 'PAID', 'BNK-USB-026');
INSERT INTO payment_history (invoice_number, vendor_id, vendor_name, amount, payment_date, status, bank_routing_used) VALUES ('INV-80026', 'V027', 'Unity Financial Services', 14096.78, '2026-05-09', 'PAID', 'BNK-WELLS-027');
INSERT INTO payment_history (invoice_number, vendor_id, vendor_name, amount, payment_date, status, bank_routing_used) VALUES ('INV-80027', 'V028', 'Vertex Tech Solutions', 15511.46, '2026-05-07', 'PAID', 'BNK-CITI-028');
INSERT INTO payment_history (invoice_number, vendor_id, vendor_name, amount, payment_date, status, bank_routing_used) VALUES ('INV-80028', 'V029', 'Willow Creek Farms', 7338.17, '2026-03-22', 'PAID', 'BNK-BOA-029');
INSERT INTO payment_history (invoice_number, vendor_id, vendor_name, amount, payment_date, status, bank_routing_used) VALUES ('INV-80029', 'V030', 'Xcel Building Materials', 11733.77, '2026-04-03', 'PAID', 'BNK-CHASE-030');
INSERT INTO payment_history (invoice_number, vendor_id, vendor_name, amount, payment_date, status, bank_routing_used) VALUES ('INV-80030', 'V031', 'Yellowstone Mining Corp', 3597.65, '2026-04-04', 'PAID', 'BNK-USB-031');
INSERT INTO payment_history (invoice_number, vendor_id, vendor_name, amount, payment_date, status, bank_routing_used) VALUES ('INV-80031', 'V032', 'Zenith Aerospace Ltd', 4403.52, '2026-04-15', 'PAID', 'BNK-WELLS-032');
INSERT INTO payment_history (invoice_number, vendor_id, vendor_name, amount, payment_date, status, bank_routing_used) VALUES ('INV-80032', 'V033', 'Atlas Catering Services', 12871.31, '2026-02-21', 'PAID', 'BNK-CITI-033');
INSERT INTO payment_history (invoice_number, vendor_id, vendor_name, amount, payment_date, status, bank_routing_used) VALUES ('INV-80033', 'V034', 'Beacon Insurance Group', 11946.21, '2026-03-03', 'PAID', 'BNK-BOA-034');
INSERT INTO payment_history (invoice_number, vendor_id, vendor_name, amount, payment_date, status, bank_routing_used) VALUES ('INV-80034', 'V035', 'Cedar IT Infrastructure', 11721.63, '2026-03-12', 'PAID', 'BNK-CHASE-035');
INSERT INTO payment_history (invoice_number, vendor_id, vendor_name, amount, payment_date, status, bank_routing_used) VALUES ('INV-80035', 'V036', 'Dusk Logistics Network', 13340.98, '2026-04-29', 'PAID', 'BNK-USB-036');
INSERT INTO payment_history (invoice_number, vendor_id, vendor_name, amount, payment_date, status, bank_routing_used) VALUES ('INV-80036', 'V037', 'Eclipse Power Systems', 8750.88, '2026-04-15', 'PAID', 'BNK-WELLS-037');
INSERT INTO payment_history (invoice_number, vendor_id, vendor_name, amount, payment_date, status, bank_routing_used) VALUES ('INV-80037', 'V038', 'Falcon Data Centers', 17819.8, '2026-02-27', 'PAID', 'BNK-CITI-038');
INSERT INTO payment_history (invoice_number, vendor_id, vendor_name, amount, payment_date, status, bank_routing_used) VALUES ('INV-80038', 'V039', 'Granite Stone Works', 12636.39, '2026-04-21', 'PAID', 'BNK-BOA-039');
INSERT INTO payment_history (invoice_number, vendor_id, vendor_name, amount, payment_date, status, bank_routing_used) VALUES ('INV-80039', 'V040', 'Harbor Marine Services', 12575.37, '2026-05-12', 'PAID', 'BNK-CHASE-040');
INSERT INTO payment_history (invoice_number, vendor_id, vendor_name, amount, payment_date, status, bank_routing_used) VALUES ('INV-80040', 'V041', 'Iris Biotech Research', 4739.63, '2026-05-15', 'PAID', 'BNK-USB-041');
INSERT INTO payment_history (invoice_number, vendor_id, vendor_name, amount, payment_date, status, bank_routing_used) VALUES ('INV-88219', 'V003', 'Nexus Software Corp', 7200.0, '2026-04-18', 'PAID', 'BNK-CITI-003');
INSERT INTO payment_history (invoice_number, vendor_id, vendor_name, amount, payment_date, status, bank_routing_used) VALUES ('INV-80042', 'V043', 'Karma Textile Mills', 5405.14, '2026-04-22', 'PAID', 'BNK-CITI-043');
INSERT INTO payment_history (invoice_number, vendor_id, vendor_name, amount, payment_date, status, bank_routing_used) VALUES ('INV-80043', 'V044', 'Lunar Software House', 16505.94, '2026-03-08', 'PAID', 'BNK-BOA-044');
INSERT INTO payment_history (invoice_number, vendor_id, vendor_name, amount, payment_date, status, bank_routing_used) VALUES ('INV-80044', 'V045', 'Maple Foods Distribution', 15873.52, '2026-04-09', 'PAID', 'BNK-CHASE-045');
INSERT INTO payment_history (invoice_number, vendor_id, vendor_name, amount, payment_date, status, bank_routing_used) VALUES ('INV-80045', 'V046', 'Nile Publishing Corp', 4457.18, '2026-03-17', 'PAID', 'BNK-USB-046');
INSERT INTO payment_history (invoice_number, vendor_id, vendor_name, amount, payment_date, status, bank_routing_used) VALUES ('INV-80046', 'V047', 'Obsidian Robotics Inc', 7604.87, '2026-02-26', 'PAID', 'BNK-WELLS-047');
INSERT INTO payment_history (invoice_number, vendor_id, vendor_name, amount, payment_date, status, bank_routing_used) VALUES ('INV-80047', 'V048', 'Pearl Event Management', 8692.25, '2026-04-16', 'PAID', 'BNK-CITI-048');
INSERT INTO payment_history (invoice_number, vendor_id, vendor_name, amount, payment_date, status, bank_routing_used) VALUES ('INV-80048', 'V049', 'Quartz Audio Visual', 3201.64, '2026-03-09', 'PAID', 'BNK-BOA-049');
INSERT INTO payment_history (invoice_number, vendor_id, vendor_name, amount, payment_date, status, bank_routing_used) VALUES ('INV-80049', 'V050', 'Ruby HR Solutions', 10070.41, '2026-03-06', 'PAID', 'BNK-CHASE-050');
INSERT INTO payment_history (invoice_number, vendor_id, vendor_name, amount, payment_date, status, bank_routing_used) VALUES ('INV-80050', 'V001', 'Acme Logistics Ltd', 8169.06, '2026-03-06', 'PAID', 'BNK-CHASE-001');
INSERT INTO payment_history (invoice_number, vendor_id, vendor_name, amount, payment_date, status, bank_routing_used) VALUES ('INV-80051', 'V002', 'Vortex Energy Inc', 7669.69, '2026-04-21', 'PAID', 'BNK-WELLS-002');
INSERT INTO payment_history (invoice_number, vendor_id, vendor_name, amount, payment_date, status, bank_routing_used) VALUES ('INV-80052', 'V003', 'Nexus Software Corp', 17954.0, '2026-05-02', 'PAID', 'BNK-CITI-003');
INSERT INTO payment_history (invoice_number, vendor_id, vendor_name, amount, payment_date, status, bank_routing_used) VALUES ('INV-80053', 'V004', 'Globex Global Corp', 9563.85, '2026-05-08', 'PAID', 'BNK-BOA-004');
INSERT INTO payment_history (invoice_number, vendor_id, vendor_name, amount, payment_date, status, bank_routing_used) VALUES ('INV-80054', 'V005', 'Pinnacle Freight Co', 13799.45, '2026-05-05', 'PAID', 'BNK-CHASE-005');
INSERT INTO payment_history (invoice_number, vendor_id, vendor_name, amount, payment_date, status, bank_routing_used) VALUES ('INV-80055', 'V006', 'Orion Cloud Services', 3428.87, '2026-04-29', 'PAID', 'BNK-USB-006');
INSERT INTO payment_history (invoice_number, vendor_id, vendor_name, amount, payment_date, status, bank_routing_used) VALUES ('INV-80056', 'V007', 'Titan Manufacturing LLC', 14423.77, '2026-03-26', 'PAID', 'BNK-WELLS-007');
INSERT INTO payment_history (invoice_number, vendor_id, vendor_name, amount, payment_date, status, bank_routing_used) VALUES ('INV-80057', 'V008', 'Aurora Consulting Group', 11058.24, '2026-03-31', 'PAID', 'BNK-CITI-008');
INSERT INTO payment_history (invoice_number, vendor_id, vendor_name, amount, payment_date, status, bank_routing_used) VALUES ('INV-80058', 'V009', 'Catalyst Pharma', 7363.85, '2026-03-21', 'PAID', 'BNK-BOA-009');
INSERT INTO payment_history (invoice_number, vendor_id, vendor_name, amount, payment_date, status, bank_routing_used) VALUES ('INV-80059', 'V010', 'Delta Mechanical Works', 9900.77, '2026-03-10', 'PAID', 'BNK-CHASE-010');
INSERT INTO payment_history (invoice_number, vendor_id, vendor_name, amount, payment_date, status, bank_routing_used) VALUES ('INV-80060', 'V011', 'Ember Digital Agency', 15605.41, '2026-05-18', 'PAID', 'BNK-USB-011');
INSERT INTO payment_history (invoice_number, vendor_id, vendor_name, amount, payment_date, status, bank_routing_used) VALUES ('INV-80061', 'V012', 'Fusion Media Group', 12500.87, '2026-05-05', 'PAID', 'BNK-WELLS-012');
INSERT INTO payment_history (invoice_number, vendor_id, vendor_name, amount, payment_date, status, bank_routing_used) VALUES ('INV-80062', 'V013', 'Galaxy Telecom Ltd', 12525.42, '2026-03-12', 'PAID', 'BNK-CITI-013');
INSERT INTO payment_history (invoice_number, vendor_id, vendor_name, amount, payment_date, status, bank_routing_used) VALUES ('INV-80063', 'V014', 'Horizon Staffing Inc', 13715.1, '2026-02-26', 'PAID', 'BNK-BOA-014');
INSERT INTO payment_history (invoice_number, vendor_id, vendor_name, amount, payment_date, status, bank_routing_used) VALUES ('INV-80064', 'V015', 'Ignite Marketing LLC', 6651.02, '2026-04-12', 'PAID', 'BNK-CHASE-015');
INSERT INTO payment_history (invoice_number, vendor_id, vendor_name, amount, payment_date, status, bank_routing_used) VALUES ('INV-80065', 'V016', 'Jade Construction Co', 8277.96, '2026-03-22', 'PAID', 'BNK-USB-016');
INSERT INTO payment_history (invoice_number, vendor_id, vendor_name, amount, payment_date, status, bank_routing_used) VALUES ('INV-80066', 'V017', 'Keystone Legal Partners', 855.82, '2026-04-16', 'PAID', 'BNK-WELLS-017');
INSERT INTO payment_history (invoice_number, vendor_id, vendor_name, amount, payment_date, status, bank_routing_used) VALUES ('INV-80067', 'V018', 'Luminary Design Studio', 17516.48, '2026-04-27', 'PAID', 'BNK-CITI-018');
INSERT INTO payment_history (invoice_number, vendor_id, vendor_name, amount, payment_date, status, bank_routing_used) VALUES ('INV-80068', 'V019', 'Meridian Supply Chain', 9532.12, '2026-05-06', 'PAID', 'BNK-BOA-019');
INSERT INTO payment_history (invoice_number, vendor_id, vendor_name, amount, payment_date, status, bank_routing_used) VALUES ('INV-80069', 'V020', 'Nova Research Labs', 15772.92, '2026-04-11', 'PAID', 'BNK-CHASE-020');
INSERT INTO payment_history (invoice_number, vendor_id, vendor_name, amount, payment_date, status, bank_routing_used) VALUES ('INV-80070', 'V021', 'Omega Security Systems', 15276.71, '2026-03-16', 'PAID', 'BNK-USB-021');
INSERT INTO payment_history (invoice_number, vendor_id, vendor_name, amount, payment_date, status, bank_routing_used) VALUES ('INV-80071', 'V022', 'Paragon Printing Inc', 11274.29, '2026-04-30', 'PAID', 'BNK-WELLS-022');
INSERT INTO payment_history (invoice_number, vendor_id, vendor_name, amount, payment_date, status, bank_routing_used) VALUES ('INV-80072', 'V023', 'Quantum Analytics Corp', 7231.32, '2026-04-29', 'PAID', 'BNK-CITI-023');
INSERT INTO payment_history (invoice_number, vendor_id, vendor_name, amount, payment_date, status, bank_routing_used) VALUES ('INV-80073', 'V024', 'Radiance Healthcare Ltd', 10077.32, '2026-03-13', 'PAID', 'BNK-BOA-024');
INSERT INTO payment_history (invoice_number, vendor_id, vendor_name, amount, payment_date, status, bank_routing_used) VALUES ('INV-80074', 'V025', 'Solaris Energy Partners', 16598.09, '2026-03-04', 'PAID', 'BNK-CHASE-025');
INSERT INTO payment_history (invoice_number, vendor_id, vendor_name, amount, payment_date, status, bank_routing_used) VALUES ('INV-80075', 'V026', 'Trident Shipping Co', 6375.48, '2026-05-17', 'PAID', 'BNK-USB-026');
INSERT INTO payment_history (invoice_number, vendor_id, vendor_name, amount, payment_date, status, bank_routing_used) VALUES ('INV-80076', 'V027', 'Unity Financial Services', 2724.12, '2026-04-03', 'PAID', 'BNK-WELLS-027');
INSERT INTO payment_history (invoice_number, vendor_id, vendor_name, amount, payment_date, status, bank_routing_used) VALUES ('INV-80077', 'V028', 'Vertex Tech Solutions', 15914.02, '2026-04-10', 'PAID', 'BNK-CITI-028');
INSERT INTO payment_history (invoice_number, vendor_id, vendor_name, amount, payment_date, status, bank_routing_used) VALUES ('INV-80078', 'V029', 'Willow Creek Farms', 4918.58, '2026-04-19', 'PAID', 'BNK-BOA-029');
INSERT INTO payment_history (invoice_number, vendor_id, vendor_name, amount, payment_date, status, bank_routing_used) VALUES ('INV-80079', 'V030', 'Xcel Building Materials', 15901.77, '2026-05-09', 'PAID', 'BNK-CHASE-030');
INSERT INTO payment_history (invoice_number, vendor_id, vendor_name, amount, payment_date, status, bank_routing_used) VALUES ('INV-80080', 'V031', 'Yellowstone Mining Corp', 2273.24, '2026-03-18', 'PAID', 'BNK-USB-031');
INSERT INTO payment_history (invoice_number, vendor_id, vendor_name, amount, payment_date, status, bank_routing_used) VALUES ('INV-80081', 'V032', 'Zenith Aerospace Ltd', 14835.6, '2026-03-12', 'PAID', 'BNK-WELLS-032');
INSERT INTO payment_history (invoice_number, vendor_id, vendor_name, amount, payment_date, status, bank_routing_used) VALUES ('INV-80082', 'V033', 'Atlas Catering Services', 13972.35, '2026-05-03', 'PAID', 'BNK-CITI-033');
INSERT INTO payment_history (invoice_number, vendor_id, vendor_name, amount, payment_date, status, bank_routing_used) VALUES ('INV-80083', 'V034', 'Beacon Insurance Group', 12147.71, '2026-03-10', 'PAID', 'BNK-BOA-034');
INSERT INTO payment_history (invoice_number, vendor_id, vendor_name, amount, payment_date, status, bank_routing_used) VALUES ('INV-80084', 'V035', 'Cedar IT Infrastructure', 3640.18, '2026-03-13', 'PAID', 'BNK-CHASE-035');
INSERT INTO payment_history (invoice_number, vendor_id, vendor_name, amount, payment_date, status, bank_routing_used) VALUES ('INV-80085', 'V036', 'Dusk Logistics Network', 15805.85, '2026-03-26', 'PAID', 'BNK-USB-036');
INSERT INTO payment_history (invoice_number, vendor_id, vendor_name, amount, payment_date, status, bank_routing_used) VALUES ('INV-80086', 'V037', 'Eclipse Power Systems', 17387.04, '2026-03-11', 'PAID', 'BNK-WELLS-037');
INSERT INTO payment_history (invoice_number, vendor_id, vendor_name, amount, payment_date, status, bank_routing_used) VALUES ('INV-80087', 'V038', 'Falcon Data Centers', 13790.56, '2026-02-20', 'PAID', 'BNK-CITI-038');
INSERT INTO payment_history (invoice_number, vendor_id, vendor_name, amount, payment_date, status, bank_routing_used) VALUES ('INV-80088', 'V039', 'Granite Stone Works', 4259.8, '2026-04-10', 'PAID', 'BNK-BOA-039');
INSERT INTO payment_history (invoice_number, vendor_id, vendor_name, amount, payment_date, status, bank_routing_used) VALUES ('INV-80089', 'V040', 'Harbor Marine Services', 7662.67, '2026-02-23', 'PAID', 'BNK-CHASE-040');
INSERT INTO payment_history (invoice_number, vendor_id, vendor_name, amount, payment_date, status, bank_routing_used) VALUES ('INV-80090', 'V041', 'Iris Biotech Research', 11977.9, '2026-03-24', 'PAID', 'BNK-USB-041');
INSERT INTO payment_history (invoice_number, vendor_id, vendor_name, amount, payment_date, status, bank_routing_used) VALUES ('INV-80091', 'V042', 'Jasper Rail Transport', 16273.36, '2026-03-23', 'PAID', 'BNK-WELLS-042');
INSERT INTO payment_history (invoice_number, vendor_id, vendor_name, amount, payment_date, status, bank_routing_used) VALUES ('INV-80092', 'V043', 'Karma Textile Mills', 2881.27, '2026-04-21', 'PAID', 'BNK-CITI-043');
INSERT INTO payment_history (invoice_number, vendor_id, vendor_name, amount, payment_date, status, bank_routing_used) VALUES ('INV-80093', 'V044', 'Lunar Software House', 1901.25, '2026-05-17', 'PAID', 'BNK-BOA-044');
INSERT INTO payment_history (invoice_number, vendor_id, vendor_name, amount, payment_date, status, bank_routing_used) VALUES ('INV-80094', 'V045', 'Maple Foods Distribution', 10918.91, '2026-04-20', 'PAID', 'BNK-CHASE-045');
INSERT INTO payment_history (invoice_number, vendor_id, vendor_name, amount, payment_date, status, bank_routing_used) VALUES ('INV-80095', 'V046', 'Nile Publishing Corp', 10921.17, '2026-05-19', 'PAID', 'BNK-USB-046');
INSERT INTO payment_history (invoice_number, vendor_id, vendor_name, amount, payment_date, status, bank_routing_used) VALUES ('INV-80096', 'V047', 'Obsidian Robotics Inc', 2021.08, '2026-02-28', 'PAID', 'BNK-WELLS-047');
INSERT INTO payment_history (invoice_number, vendor_id, vendor_name, amount, payment_date, status, bank_routing_used) VALUES ('INV-80097', 'V048', 'Pearl Event Management', 1812.63, '2026-05-11', 'PAID', 'BNK-CITI-048');
INSERT INTO payment_history (invoice_number, vendor_id, vendor_name, amount, payment_date, status, bank_routing_used) VALUES ('INV-80098', 'V049', 'Quartz Audio Visual', 16373.22, '2026-04-07', 'PAID', 'BNK-BOA-049');
INSERT INTO payment_history (invoice_number, vendor_id, vendor_name, amount, payment_date, status, bank_routing_used) VALUES ('INV-80099', 'V050', 'Ruby HR Solutions', 2018.75, '2026-04-19', 'PAID', 'BNK-CHASE-050');
INSERT INTO payment_history (invoice_number, vendor_id, vendor_name, amount, payment_date, status, bank_routing_used) VALUES ('INV-80100', 'V001', 'Acme Logistics Ltd', 5589.81, '2026-03-18', 'PAID', 'BNK-CHASE-001');
INSERT INTO payment_history (invoice_number, vendor_id, vendor_name, amount, payment_date, status, bank_routing_used) VALUES ('INV-80101', 'V002', 'Vortex Energy Inc', 4484.87, '2026-05-03', 'PAID', 'BNK-WELLS-002');
INSERT INTO payment_history (invoice_number, vendor_id, vendor_name, amount, payment_date, status, bank_routing_used) VALUES ('INV-80102', 'V003', 'Nexus Software Corp', 13241.66, '2026-03-07', 'PAID', 'BNK-CITI-003');
INSERT INTO payment_history (invoice_number, vendor_id, vendor_name, amount, payment_date, status, bank_routing_used) VALUES ('INV-80103', 'V004', 'Globex Global Corp', 10710.84, '2026-04-18', 'PAID', 'BNK-BOA-004');
INSERT INTO payment_history (invoice_number, vendor_id, vendor_name, amount, payment_date, status, bank_routing_used) VALUES ('INV-80104', 'V005', 'Pinnacle Freight Co', 14295.45, '2026-03-28', 'PAID', 'BNK-CHASE-005');
INSERT INTO payment_history (invoice_number, vendor_id, vendor_name, amount, payment_date, status, bank_routing_used) VALUES ('INV-80105', 'V006', 'Orion Cloud Services', 4075.05, '2026-05-07', 'PAID', 'BNK-USB-006');
INSERT INTO payment_history (invoice_number, vendor_id, vendor_name, amount, payment_date, status, bank_routing_used) VALUES ('INV-80106', 'V007', 'Titan Manufacturing LLC', 12134.5, '2026-04-04', 'PAID', 'BNK-WELLS-007');
INSERT INTO payment_history (invoice_number, vendor_id, vendor_name, amount, payment_date, status, bank_routing_used) VALUES ('INV-80107', 'V008', 'Aurora Consulting Group', 8085.55, '2026-03-21', 'PAID', 'BNK-CITI-008');
INSERT INTO payment_history (invoice_number, vendor_id, vendor_name, amount, payment_date, status, bank_routing_used) VALUES ('INV-80108', 'V009', 'Catalyst Pharma', 15657.99, '2026-05-13', 'PAID', 'BNK-BOA-009');
INSERT INTO payment_history (invoice_number, vendor_id, vendor_name, amount, payment_date, status, bank_routing_used) VALUES ('INV-80109', 'V010', 'Delta Mechanical Works', 12381.87, '2026-02-26', 'PAID', 'BNK-CHASE-010');
INSERT INTO payment_history (invoice_number, vendor_id, vendor_name, amount, payment_date, status, bank_routing_used) VALUES ('INV-80110', 'V011', 'Ember Digital Agency', 2492.79, '2026-03-29', 'PAID', 'BNK-USB-011');
INSERT INTO payment_history (invoice_number, vendor_id, vendor_name, amount, payment_date, status, bank_routing_used) VALUES ('INV-80111', 'V012', 'Fusion Media Group', 13325.27, '2026-05-06', 'PAID', 'BNK-WELLS-012');
INSERT INTO payment_history (invoice_number, vendor_id, vendor_name, amount, payment_date, status, bank_routing_used) VALUES ('INV-80112', 'V013', 'Galaxy Telecom Ltd', 5076.89, '2026-04-25', 'PAID', 'BNK-CITI-013');
INSERT INTO payment_history (invoice_number, vendor_id, vendor_name, amount, payment_date, status, bank_routing_used) VALUES ('INV-80113', 'V014', 'Horizon Staffing Inc', 10024.11, '2026-05-02', 'PAID', 'BNK-BOA-014');
INSERT INTO payment_history (invoice_number, vendor_id, vendor_name, amount, payment_date, status, bank_routing_used) VALUES ('INV-80114', 'V015', 'Ignite Marketing LLC', 8056.36, '2026-04-14', 'PAID', 'BNK-CHASE-015');
INSERT INTO payment_history (invoice_number, vendor_id, vendor_name, amount, payment_date, status, bank_routing_used) VALUES ('INV-80115', 'V016', 'Jade Construction Co', 8757.2, '2026-05-10', 'PAID', 'BNK-USB-016');
INSERT INTO payment_history (invoice_number, vendor_id, vendor_name, amount, payment_date, status, bank_routing_used) VALUES ('INV-80116', 'V017', 'Keystone Legal Partners', 8421.85, '2026-03-10', 'PAID', 'BNK-WELLS-017');
INSERT INTO payment_history (invoice_number, vendor_id, vendor_name, amount, payment_date, status, bank_routing_used) VALUES ('INV-80117', 'V018', 'Luminary Design Studio', 2484.03, '2026-02-25', 'PAID', 'BNK-CITI-018');
INSERT INTO payment_history (invoice_number, vendor_id, vendor_name, amount, payment_date, status, bank_routing_used) VALUES ('INV-80118', 'V019', 'Meridian Supply Chain', 17987.66, '2026-05-18', 'PAID', 'BNK-BOA-019');
INSERT INTO payment_history (invoice_number, vendor_id, vendor_name, amount, payment_date, status, bank_routing_used) VALUES ('INV-80119', 'V020', 'Nova Research Labs', 17466.74, '2026-04-19', 'PAID', 'BNK-CHASE-020');
